{
  "styles": [
    {
      "style_sheet_name": "My test first page",
      "primary_font": "TW Cent MT, Century Gothic, Arial",
      "colors": {
        "Blue": [
          "34657F",
          "D4E1E8",
          "AACDDA",
          "6399AE",
          "34657F",
          "081F2C"
        ],
        "Gray": [
          "7C878E",
          "DEE1E1",
          "C1C6C8",
          "A2AAAD",
          "7C878E",
          "5B6770"
        ],
        "Green": [
          "4BA24D",
          "C8DFBC",
          "AFD29E",
          "6DB658",
          "4BA24D",
          "008A41"
        ],
        "Purple": [
          "621244",
          "D7D3DB",
          "C1B2C3",
          "996F8D",
          "862663",
          "621244"
        ],
        "Tan": [
          "B6B7A2",
          "DEDDD3",
          "CBCBBC",
          "B6B7A2",
          "888F6E",
          "67724C"
        ],
        "Deductible": [
          "34657F"
        ],
        "Lavendar": [
          "E0D4D9",
          "CDB9C2",
          "B898A7"
        ],
        "Perriwinkle": [
          "C8D9E2",
          "B0C9D7",
          "98BBCC"
        ],
        "Grass": [
          "C9DEBC",
          "B2D2A2",
          "A2C490"
        ],
        "Tulips": [
          "F8E0A4",
          "ECCF8F",
          "EAC189"
        ],
        "Earth": [
          "E1DACE",
          "D8CEBE",
          "C4B69D"
        ],
        "Stone": [
          "DEE1E1",
          "C1C6C8",
          "A2AAAD"
        ]
      },
      "page_style": {
        "text_style": {
          "font_name": "TW Cent MT, Century Gothic, Arial",
          "font_size": 32
        },
        "shape_border_thickness": 0,
        "box_border_brush": {
          "class_name": "solid_brush",
          "color": "C0C0C0"
        },
        "box_border_thickness": 0,
        "box_fill_brush": {
          "class_name": "linear_brush",
          "start": {
            "x": 0.5,
            "y": 0
          },
          "stop": {
            "x": 0.5,
            "y": 1
          },
          "size": {
            "x": 1.0,
            "y": 1.0
          },
          "stops": [
            {
              "color": "#001020",
              "position": 0.1
            },
            {
              "color": "#A06030",
              "position": 0.7
            },
            {
              "color": "#00F030",
              "position": 0.75
            },
            {
              "color": "#008030",
              "position": 0.8
            },
            {
              "color": "011414",
              "position": 1.0
            }
          ]
        },
        "shape_fill_brush": {
          "class_name": "solid_brush",
          "color": "00FF00"
        }
      },
      "caption_style": {
        "text_style": {
          "font_name": "TW Cent MT, Century Gothic, Arial",
          "font_size": 32
        },
        "shape_border_thickness": 0,
        "box_border_thickness": 0,
        "box_border_brush": {},
        "shape_border_brush": {},
        "box_fill_brush": {
          "class_name": "linear_brush",
          "start": {
            "x": 0.5,
            "y": 0
          },
          "stop": {
            "x": 0.5,
            "y": 1
          },
          "size": {
            "x": 1,
            "y": 1
          },
          "stops": [
            {
              "color": "112150",
              "position": 0.4
            },
            {
              "color": "313180",
              "position": 0.83
            },
            {
              "color": "101020",
              "position": 1
            }
          ]
        },
        "shape_fill_brush": {
          "class_name": "solid_brush",
          "color": "FFFFFF"
        }
      },
      "title_style": {
        "text_style": {
          "font_name": "Impact",
          "font_size": 48,
          "vertical_alignment": "center",
          "horizontal_alignment": "near"
        },
        "shape_border_thickness": 0,
        "shape_fill_brush": {
          "class_name": "linear_brush",
          "start": {
            "x": 0.1,
            "y": 0
          },
          "stop": {
            "x": 0.5,
            "y": 1
          },
          "size": {
            "x": 1.0,
            "y": 1.0
          },
          "stops": [
            {
              "color": "#F2CACD",
              "position": 0.1
            },
            {
              "color": "#F2AAAD",
              "position": 0.4
            },
            {
              "color": "#FF222D",
              "position": 0.5
            },
            {
              "color": "#FFEAFD",
              "position": 0.6
            },
            {
              "color": "#F2AAAD",
              "position": 0.7
            },
            {
              "color": "#FF222D",
              "position": 0.8
            },
            {
              "color": "#FFEAFD",
              "position": 0.9
            },
            {
              "color": "F2EAED",
              "position": 1.0
            }
          ]
        },
        "box_fill_brush": {
          "class_name": "solid_brush",
          "color": "00000044"
        }

      },
      "subtitle_style": {
        "text_style": {
          "font_name": "Times New Roman",
          "font_size": 36,
          "bold": false,
          "underline": true
        },
        "shape_border_thickness": 0,
        "box_border_thickness": 0,
        "shape_fill_brush": {
          "class_name": "solid_brush",
          "color": "FFFFEE"
        },
        "vertical_alignment": "center",
        "box_fill_brush": {
          "class_name": "solid_brush",
          "color": "00000044"
        }
      },
      "chapter_title_style": {
        "text_style": {
          "font_name": "Brush Script MT, Courier New",
          "font_size": 28
        },
        "shape_border_thickness": 0,
        "box_border_thickness": 0,
        "shape_fill_brush": {
          "class_name": "solid_brush",
          "color": "FFFFEE"
        },
        "box_fill_brush": {
          "class_name": "solid_brush",
          "color": "00000044"
        }
      },
      "chapter_subtitle_style": {
        "text_style": {
          "font_name": "Copperplate Gothic, Arial",
          "font_size": 24,
          "underline": true
        },
        "shape_fill_brush": {
          "class_name": "solid_brush",
          "color": "FFFFEE"
        },
        "box_fill_brush": {
          "class_name": "solid_brush",
          "color": "00000044"
        }
      },
      "paragraph_style": {
        "text_style": {
          "font_name": "Tahoma, Arial",
          "font_size": 14,
          "underline": true
        },
        "shape_fill_brush": {
          "class_name": "solid_brush",
          "color": "FFFFEE"
        },
        "box_fill_brush": {
          "class_name": "solid_brush",
          "color": "00000044"
        }
      },
      "form_style": {
        "text_style": {
          "font_name": "Tahoma, Arial",
          "font_size": 14,
          "underline": true
        },
        "shape_fill_brush": {
          "class_name": "solid_brush",
          "color": "FFFFEE"
        }
      },
      "label_style": {
        "text_style": {
          "font_name": "Tahoma, Arial",
          "font_size": 14,
          "underline": true
        },
        "shape_fill_brush": {
          "class_name": "solid_brush",
          "color": "FFFFEE"
        }
      },
      "placeholder_style": {
        "text_style": {
          "font_name": "Tahoma, Arial",
          "font_size": 14,
          "underline": true
        },
        "shape_fill_brush": {
          "class_name": "solid_brush",
          "color": "FFFFEE"
        }
      },
      "error_style": {
        "text_style": {
          "font_name": "Tahoma, Arial",
          "font_size": 14,
          "underline": true
        },
        "shape_fill_brush": {
          "class_name": "solid_brush",
          "color": "FFFFEE"
        }
      },
      "success_style": {
        "text_style": {
          "font_name": "Tahoma, Arial",
          "font_size": 14,
          "underline": true
        },
        "shape_fill_brush": {
          "class_name": "solid_brush",
          "color": "FFFFEE"
        }
      },
      "code_style": {
        "text_style": {
          "font_name": "Consolas, CourierNew",
          "font_size": 14,
          "underline": true
        },
        "shape_fill_brush": {
          "class_name": "solid_brush",
          "color": "FFFFEE"
        }
      }
    }
  ],
  "pages": [
    {
      "class_name": "page",
      "page_name": "home",
      "children": [
        {
          "class_name": "column",
          "box": {
            "width": {
              "amount": 1.0,
              "units": "container"
            },
            "height": {
              "amount": 1.0,
              "units": "container"
            }
          },
          "padding": {
            "amount": 0,
            "units": "pixels"
          },
          "content_alignment": "near",
          "content_cross_alignment": "center",
          "children": [
            {
              "class_name": "caption_bar",
              "corporate_name": "country video games",
              "title_name": "Forms engine test",
              "title_start": {
                "amount": 0.482,
                "units": "container"
              },
              "box": {
                "width": {
                  "amount": 1.0,
                  "units": "container"
                },
                "height": {
                  "amount": 100,
                  "units": "pixels"
                }
              }
            },

            {
              "class_name": "column",
              "box": {
                "width": {
                  "amount": 0.5,
                  "units": "container"
                },
                "height": {
                  "amount": 0.8,
                  "units": "container"
                }
              },
              "view_style": {
                "box_fill_brush": {
                  "class_name": "solid_brush",
                  "color": "211012CA"
                },
                "box_border_brush": {
                  "class_name": "solid_brush",
                  "color": "21101277"
                },
                "box_border_thickness": 8
              },
              "padding": {
                "amount": 10,
                "units": "pixels"
              },
              "content_alignment": "near",
              "content_cross_alignment": "near",
              "children": [
                {
                  "class_name": "subtitle",
                  "text": "Aliens Kings of Animals",
                  "box": {
                    "width": {
                      "amount": 1,
                      "units": "container"
                    },
                    "height": {
                      "amount": 50,
                      "units": "pixels"
                    }
                  },
                  "margin": {
                    "amount": 40,
                    "units": "pixels"
                  }

                },
                {
                  "class_name": "chaptertitle",
                  "text": "sample chaptertitle",
                  "box": {
                    "width": {
                      "amount": 1,
                      "units": "container"
                    },
                    "height": {
                      "amount": 65,
                      "units": "pixels"
                    }
                  },
                  "margin": {
                    "amount": 20,
                    "units": "pixels"
                  }
                },
                {
                  "class_name": "chaptersubtitle",
                  "text": "sample chaptersubtitle",
                  "box": {
                    "width": {
                      "amount": 1,
                      "units": "container"
                    },
                    "height": {
                      "amount": 65,
                      "units": "pixels"
                    }
                  },
                  "margin": {
                    "amount": 30,
                    "units": "pixels"
                  }
                },
                {
                  "class_name": "paragraph",
                  "text": "sample paragraph",
                  "box": {
                    "width": {
                      "amount": 1,
                      "units": "container"
                    },
                    "height": {
                      "amount": 65,
                      "units": "pixels"
                    }
                  },
                  "margin": {
                    "amount": 40,
                    "units": "pixels"
                  }
                },
                {
                  "class_name": "code",
                  "text": "sample code",
                  "box": {
                    "width": {
                      "amount": 1,
                      "units": "container"
                    },
                    "height": {
                      "amount": 65,
                      "units": "pixels"
                    }
                  },
                  "margin": {
                    "amount": 50,
                    "units": "pixels"
                  }
                }
              ]
            }
          ]
        }
      ]
    }
  ]
}
