{
  "pages": [
    {
      "class_name": "page",
      "page_name": "home",
      "default" :  true,
      "children": [
        {
          "class_name": "column",
          "box": {
            "width": {
              "amount": 1.0,
              "units": "container"
            },
            "height": {
              "amount": 1.0,
              "units": "container"
            }
          },
          "padding": {
            "amount": 0,
            "units": "pixels"
          },
          "content_alignment": "near",
          "content_cross_alignment": "center",
          "children": [
            {
              "class_name": "caption_bar",
              "corporate_name": "country video games",
              "title_name": "United States of America",
              "subtitle_name": "Reparations System",
              "title_start": {
                "amount": 0.25,
                "units": "container"
              },
              "box": {
                "width": {
                  "amount": 1.0,
                  "units": "container"
                },
                "height": {
                  "amount": 100,
                  "units": "pixels"
                }
              }
            },

            {
              "class_name": "column",
              "box": {
                "width": {
                  "amount": 0.5,
                  "units": "container"
                },
                "height": {
                  "amount": 0.8,
                  "units": "container"
                }
              },
              "view_style": {
                "box_fill_brush": {
                  "class_name": "solid_brush",
                  "color": "211012AA"
                },
                "box_border_brush": {
                  "class_name": "solid_brush",
                  "color": "21101277"
                },
                "box_border_thickness": 8
              },
              "padding": {
                "amount": 10,
                "units": "pixels"
              },
              "content_alignment": "near",
              "content_cross_alignment": "near",
              "children": [
                {
                  "class_name": "chaptertitle",
                  "text": "Reparations Login",
                  "box": {
                    "width": {
                      "amount": 1,
                      "units": "container"
                    },
                    "height": {
                      "amount": 34,
                      "units": "pixels"
                    }
                  }
                },
                {
                  "class_name": "chaptersubtitle",
                  "text": "Select a Role",
                  "box": {
                    "width": {
                      "amount": 1,
                      "units": "container"
                    },
                    "height": {
                      "amount": 30,
                      "units": "pixels"
                    }
                  }
                },
                {
                  "class_name": "paragraph",
                  "text": "Welcome to the Descendants of Slaves Reparations System.  This is an interactive simulation of a Reparations System for Black Americans.  With this system, Black Americans can walk through a reparations process, from research to claims and payments, pretending to different types of users that work on the claims process.",
                  "box": {
                    "width": {
                      "amount": 1,
                      "units": "container"
                    },
                    "height": {
                      "amount": 6.2,
                      "units": "text"
                    }
                  }
                },
                {
                  "class_name": "row",
                  "box": {
                    "width": {
                      "amount": 1,
                      "units": "container"
                    },
                    "height": {
                      "amount": 1,
                      "units": "container"
                    }
                  },
                  "wrap": true,
                  "children": [
                    {
                      "class_name": "corona_button",
                      "text": "Researcher",
                      "box": {
                        "width": {
                          "amount": 150,
                          "units": "pixels"
                        },
                        "height": {
                          "amount": 65,
                          "units": "pixels"
                        }
                      },
                      "margin": {
                        "amount": 20,
                        "units": "pixels"
                      },
                      "command": {
                        "class_name": "select_page_command",
                        "page_name" : "researcher_home"
                      }
                    },
                    {
                      "class_name": "corona_button",
                      "text": "Plaintiff Attorneys",
                      "box": {
                        "width": {
                          "amount": 150,
                          "units": "pixels"
                        },
                        "height": {
                          "amount": 65,
                          "units": "pixels"
                        }
                      },
                      "margin": {
                        "amount": 20,
                        "units": "pixels"
                      },
                      "command": {
                        "class_name": "select_page_command",
                        "page_name": "plaintiff_attorney_home"
                      }
                    },
                    {
                      "class_name": "corona_button",
                      "text": "Reparations Court",
                      "box": {
                        "width": {
                          "amount": 150,
                          "units": "pixels"
                        },
                        "height": {
                          "amount": 65,
                          "units": "pixels"
                        }
                      },
                      "margin": {
                        "amount": 20,
                        "units": "pixels"
                      },
                      "command": {
                        "class_name": "select_page_command",
                        "page_name": "reparations_court_home"
                      }
                    },
                    {
                      "class_name": "corona_button",
                      "text": "Government Attorneys",
                      "box": {
                        "width": {
                          "amount": 150,
                          "units": "pixels"
                        },
                        "height": {
                          "amount": 65,
                          "units": "pixels"
                        }
                      },
                      "margin": {
                        "amount": 20,
                        "units": "pixels"
                      },
                      "command": {
                        "class_name": "select_page_command",
                        "page_name": "government_attorney_home"
                      }
                    },
                    {
                      "class_name": "corona_button",
                      "text": "Claims Fund Managers",
                      "box": {
                        "width": {
                          "amount": 150,
                          "units": "pixels"
                        },
                        "height": {
                          "amount": 65,
                          "units": "pixels"
                        }
                      },
                      "margin": {
                        "amount": 20,
                        "units": "pixels"
                      },
                      "command": {
                        "class_name": "select_page_command",
                        "page_name": "claims_fund_home"
                      }
                    }
                  ]
                }
              ]
            }
          ]
        }
      ]
    },
    {
      "class_name": "page",
      "page_name": "researcher_home",
      "children": [
        {
          "class_name": "column",
          "box": {
            "width": "1.0 container",
            "height": "1.0 container"
          },
          "padding": "0 pixels",
          "content_alignment": "near",
          "content_cross_alignment": "center",
          "children": [
            {
              "class_name": "caption_bar",
              "corporate_name": "country video games",
              "title_name": "United States of America",
              "subtitle_name": "Descendants of Slaves Reparations System (DSRS)",
              "title_start": "0.25 container",
              "box": {
                "width": "1.0 container",
                "height": "100 pixels"
              }
            },
            {
              "class_name": "row",
              "box": {
                "width": "1.0 container",
                "height": "1.0 container"
              },
              "children": [
                {
                  "class_name": "column",
                  "box": {
                    "x" :  "32.0 pixels",
                    "width": "0.25 container",
                    "height": "1.0 container"
                  },
                  "children": [
                    {
                      "class_name": "chaptertitle",
                      "text": "Researcher Home",
                      "box": {
                        "width": "1.0 container",
                        "height": "30 pixels"
                      }
                    },
                    {
                      "class_name": "paragraph",
                      "text": "Black American Citizens, Writers and Historians who create a historical resource of injustices to be used by Plaintiff Attorneys.  They will formulate this data into cases they bring on your behalf to the Reparations Court.",
                      "box": {
                        "width": "1.0 container",
                        "height": "0.3 container"
                      }
                    }
                  ]
                },
                {
                  "class_name": "column",
                  "box": {
                    "x" :  "48 pixels",
                    "width": "0.65 container",
                    "height": "0.8 container"
                  },
                  "view_style": {
                    "box_fill_brush": {
                      "class_name": "solid_brush",
                      "color": "211012AA"
                    },
                    "box_border_brush": {
                      "class_name": "solid_brush",
                      "color": "21101277"
                    },
                    "box_border_thickness": 8
                  },
                  "content_alignment": "near",
                  "content_cross_alignment": "near",
                  "children": [
                    {
                      "class_name": "chaptertitle",
                      "text": "A History of Injustice",
                      "box": {
                        "width": "1.0 container",
                        "height": "30 pixels"
                      }
                    },
                    {
                      "class_name": "form",
                      "name": "search_form",
                      "model": {
                        "name": "search_form",
                        "defaults": {
                          "container_box": {
                            "width": "250 pixels",
                            "height": "120 pixels"
                          },
                          "label_box": {
                            "width": "200 pixels",
                            "height": "25 pixels"
                          },
                          "field_box": {
                            "width": "200 pixels",
                            "height": "25 pixels"
                          }
                        },
                        "fields": [
                          {
                            "json_field_name": "EventName",
                            "label_text": "Name",
                            "class_name": "edit",
                            "tooltip_text": "The name of the event",
                            "is_default_focus": true
                          },
                          {
                            "json_field_name": "EventDescription",
                            "label_text": "Description",
                            "class_name": "edit",
                            "tooltip_text": "The description of the event",
                            "is_default_focus": false
                          },
                          {
                            "json_field_name": "EventDate",
                            "label_text": "Date",
                            "class_name": "edit",
                            "tooltip_text": "The date of the event",
                            "is_default_focus": false
                          },
                          {
                            "json_field_name": "Person",
                            "label_text": "Person",
                            "class_name": "edit",
                            "tooltip_text": "Name of person",
                            "is_default_focus": false
                          }

                        ],
                        "data": []
                      },
                      "box": {
                        "width": "1.0 container",
                        "height" : "100 pixels"
                      }
                    },
                    {
                      "class_name": "row",
                      "box": {
                        "width": "1.0 container",
                        "height": "75 pixels"
                      },
                      "item_next_space" :  "10 pixels",
                      "wrap": true,
                      "children": [
                        {
                          "class_name": "corona_button",
                          "text": "Search",
                          "box": {
                            "width": {
                              "amount": 100,
                              "units": "pixels"
                            },
                            "height": {
                              "amount": 40,
                              "units": "pixels"
                            }
                          },
                          "command": {
                            "class_name": "search_objects_command",
                            "search_class_name": "HistoricalEvent",
                            "form_name": "search_form",
                            "table_name": "search_list"
                          }
                        },
                        {
                          "class_name": "corona_button",
                          "text": "New Event",
                          "box": {
                            "width": {
                              "amount": 100,
                              "units": "pixels"
                            },
                            "height": {
                              "amount": 40,
                              "units": "pixels"
                            }
                          },
                          "command": {
                            "class_name": "create_object_command",
                            "create_class_name": "HistoricalEvent",
                            "form_name": "EventDetail"
                          }
                        },
                        {
                          "class_name": "corona_button",
                          "text": "Home",
                          "box": {
                            "width": {
                              "amount": 100,
                              "units": "pixels"
                            },
                            "height": {
                              "amount": 40,
                              "units": "pixels"
                            }
                          },
                          "command": {
                            "class_name": "select_page_command",
                            "page_name": "home"
                          }
                        }
                      ]
                    },
                    {
                      "class_name": "listview",
                      "name": "search_list",
                      "box": {
                        "width": {
                          "amount": 1,
                          "units": "container"
                        },
                        "height": {
                          "amount": 1.0,
                          "units": "remaining"
                        }
                      },
                      "table": {
                        "id_field": "ObjectId",
                        "columns": [
                          {
                            "json_field_name": "EventDate",
                            "label_text": "Date",
                            "width": 200
                          },
                          {
                            "json_field_name": "EventName",
                            "label_text": "Name",
                            "width": 200
                          },
                          {
                            "json_field_name": "EventDescription",
                            "label_text": "Description",
                            "width": 400
                          }
                        ],
                        "items": []
                      }
                    }
                  ]
                }

              ]
            }
          ]
        }
      ]
    },
    {
      "class_name": "page",
      "page_name": "plaintiff_attorney_home",
      "children": [
        {
          "class_name": "column",
          "box": {
            "width": {
              "amount": 1.0,
              "units": "container"
            },
            "height": {
              "amount": 1.0,
              "units": "container"
            }
          },
          "padding": {
            "amount": 0,
            "units": "pixels"
          },
          "content_alignment": "near",
          "content_cross_alignment": "center",
          "children": [
            {
              "class_name": "caption_bar",
              "corporate_name": "country video games",
              "title_name": "United States of America",
              "subtitle_name": "Descendants of Slaves Reparations System (DSRS)",
              "title_start": {
                "amount": 0.25,
                "units": "container"
              },
              "box": {
                "width": {
                  "amount": 1.0,
                  "units": "container"
                },
                "height": {
                  "amount": 100,
                  "units": "pixels"
                }
              }
            },

            {
              "class_name": "column",
              "box": {
                "width": {
                  "amount": 0.5,
                  "units": "container"
                },
                "height": {
                  "amount": 0.8,
                  "units": "container"
                }
              },
              "view_style": {
                "box_fill_brush": {
                  "class_name": "solid_brush",
                  "color": "211012AA"
                },
                "box_border_brush": {
                  "class_name": "solid_brush",
                  "color": "21101277"
                },
                "box_border_thickness": 8
              },
              "padding": {
                "amount": 10,
                "units": "pixels"
              },
              "content_alignment": "near",
              "content_cross_alignment": "near",
              "children": [
                {
                  "class_name": "chaptertitle",
                  "text": "Plaintiff Attorney Home",
                  "box": {
                    "width": {
                      "amount": 1,
                      "units": "container"
                    },
                    "height": {
                      "amount": 34,
                      "units": "pixels"
                    }
                  }
                },
                {
                  "class_name": "chaptersubtitle",
                  "text": "Squeeze Injustice into Justice",
                  "box": {
                    "width": {
                      "amount": 1,
                      "units": "container"
                    },
                    "height": {
                      "amount": 30,
                      "units": "pixels"
                    }
                  }
                },
                {
                  "class_name": "paragraph",
                  "text": "Plaintiff Attorneys use the resources gathered by researchers to formulate claims cases to be made before the reparations court.",
                  "box": {
                    "width": {
                      "amount": 1,
                      "units": "container"
                    },
                    "height": {
                      "amount": 6.2,
                      "units": "text"
                    }
                  }
                },
                {
                  "class_name": "row",
                  "box": {
                    "width": {
                      "amount": 1,
                      "units": "container"
                    },
                    "height": {
                      "amount": 1,
                      "units": "container"
                    }
                  },
                  "wrap": true,
                  "children": [
                    {
                      "class_name": "corona_button",
                      "text": "Home",
                      "box": {
                        "width": {
                          "amount": 150,
                          "units": "pixels"
                        },
                        "height": {
                          "amount": 65,
                          "units": "pixels"
                        }
                      },
                      "margin": {
                        "amount": 20,
                        "units": "pixels"
                      },
                      "command": {
                        "class_name": "select_page_command",
                        "page_name": "home"
                      }
                    }

                  ]
                }
              ]
            }
          ]
        }
      ]
    },
    {
      "class_name": "page",
      "page_name": "reparations_court_home",
      "children": [
        {
          "class_name": "column",
          "box": {
            "width": {
              "amount": 1.0,
              "units": "container"
            },
            "height": {
              "amount": 1.0,
              "units": "container"
            }
          },
          "padding": {
            "amount": 0,
            "units": "pixels"
          },
          "content_alignment": "near",
          "content_cross_alignment": "center",
          "children": [
            {
              "class_name": "caption_bar",
              "corporate_name": "country video games",
              "title_name": "United States of America",
              "subtitle_name": "Descendants of Slaves Reparations System (DSRS)",
              "title_start": {
                "amount": 0.25,
                "units": "container"
              },
              "box": {
                "width": {
                  "amount": 1.0,
                  "units": "container"
                },
                "height": {
                  "amount": 100,
                  "units": "pixels"
                }
              }
            },

            {
              "class_name": "column",
              "box": {
                "width": {
                  "amount": 0.5,
                  "units": "container"
                },
                "height": {
                  "amount": 0.8,
                  "units": "container"
                }
              },
              "view_style": {
                "box_fill_brush": {
                  "class_name": "solid_brush",
                  "color": "211012AA"
                },
                "box_border_brush": {
                  "class_name": "solid_brush",
                  "color": "21101277"
                },
                "box_border_thickness": 8
              },
              "padding": {
                "amount": 10,
                "units": "pixels"
              },
              "content_alignment": "near",
              "content_cross_alignment": "near",
              "children": [
                {
                  "class_name": "chaptertitle",
                  "text": "Reparations Court",
                  "box": {
                    "width": {
                      "amount": 1,
                      "units": "container"
                    },
                    "height": {
                      "amount": 34,
                      "units": "pixels"
                    }
                  }
                },
                {
                  "class_name": "chaptersubtitle",
                  "text": "The United States of America Will Hear You Now",
                  "box": {
                    "width": {
                      "amount": 1,
                      "units": "container"
                    },
                    "height": {
                      "amount": 30,
                      "units": "pixels"
                    }
                  }
                },
                {
                  "class_name": "paragraph",
                  "text": "Ensures the United States of America, the Federal Government, pays for the times it has not honored the guarantees it makes in the Constitution and Declaration of Independence.",
                  "box": {
                    "width": {
                      "amount": 1,
                      "units": "container"
                    },
                    "height": {
                      "amount": 6.2,
                      "units": "text"
                    }
                  }
                },
                {
                  "class_name": "row",
                  "box": {
                    "width": {
                      "amount": 1,
                      "units": "container"
                    },
                    "height": {
                      "amount": 1,
                      "units": "container"
                    }
                  },
                  "wrap": true,
                  "children": [
                    {
                      "class_name": "corona_button",
                      "text": "Home",
                      "box": {
                        "width": {
                          "amount": 150,
                          "units": "pixels"
                        },
                        "height": {
                          "amount": 65,
                          "units": "pixels"
                        }
                      },
                      "margin": {
                        "amount": 20,
                        "units": "pixels"
                      },
                      "command": {
                        "class_name": "select_page_command",
                        "page_name": "home"
                      }
                    }

                  ]
                }
              ]
            }
          ]
        }
      ]
    },
    {
      "class_name": "page",
      "page_name": "government_attorney_home",
      "children": [
        {
          "class_name": "column",
          "box": {
            "width": {
              "amount": 1.0,
              "units": "container"
            },
            "height": {
              "amount": 1.0,
              "units": "container"
            }
          },
          "padding": {
            "amount": 0,
            "units": "pixels"
          },
          "content_alignment": "near",
          "content_cross_alignment": "center",
          "children": [
            {
              "class_name": "caption_bar",
              "corporate_name": "country video games",
              "title_name": "United States of America",
              "subtitle_name": "Descendants of Slaves Reparations System (DSRS)",
              "title_start": {
                "amount": 0.25,
                "units": "container"
              },
              "box": {
                "width": {
                  "amount": 1.0,
                  "units": "container"
                },
                "height": {
                  "amount": 100,
                  "units": "pixels"
                }
              }
            },

            {
              "class_name": "column",
              "box": {
                "width": {
                  "amount": 0.5,
                  "units": "container"
                },
                "height": {
                  "amount": 0.8,
                  "units": "container"
                }
              },
              "view_style": {
                "box_fill_brush": {
                  "class_name": "solid_brush",
                  "color": "211012AA"
                },
                "box_border_brush": {
                  "class_name": "solid_brush",
                  "color": "21101277"
                },
                "box_border_thickness": 8
              },
              "padding": {
                "amount": 10,
                "units": "pixels"
              },
              "content_alignment": "near",
              "content_cross_alignment": "near",
              "children": [
                {
                  "class_name": "chaptertitle",
                  "text": "Government Attorneys",
                  "box": {
                    "width": {
                      "amount": 1,
                      "units": "container"
                    },
                    "height": {
                      "amount": 34,
                      "units": "pixels"
                    }
                  }
                },
                {
                  "class_name": "chaptersubtitle",
                  "text": "Defend the Federal Government of United States of America",
                  "box": {
                    "width": {
                      "amount": 1,
                      "units": "container"
                    },
                    "height": {
                      "amount": 30,
                      "units": "pixels"
                    }
                  }
                },
                {
                  "class_name": "paragraph",
                  "text": "Government Attorneys can organize their defenses, settlements, and capitulations as the part of our American adversarial legal system.",
                  "box": {
                    "width": {
                      "amount": 1,
                      "units": "container"
                    },
                    "height": {
                      "amount": 6.2,
                      "units": "text"
                    }
                  }
                },
                {
                  "class_name": "row",
                  "box": {
                    "width": {
                      "amount": 1,
                      "units": "container"
                    },
                    "height": {
                      "amount": 1,
                      "units": "container"
                    }
                  },
                  "wrap": true,
                  "children": [
                    {
                      "class_name": "corona_button",
                      "text": "Home",
                      "box": {
                        "width": {
                          "amount": 150,
                          "units": "pixels"
                        },
                        "height": {
                          "amount": 65,
                          "units": "pixels"
                        }
                      },
                      "margin": {
                        "amount": 20,
                        "units": "pixels"
                      },
                      "command": {
                        "class_name": "select_page_command",
                        "page_name": "home"
                      }
                    }

                  ]
                }
              ]
            }
          ]
        }
      ]
    },
    {
      "class_name": "page",
      "page_name": "claims_fund_home",
      "children": [
        {
          "class_name": "column",
          "box": {
            "width": {
              "amount": 1.0,
              "units": "container"
            },
            "height": {
              "amount": 1.0,
              "units": "container"
            }
          },
          "padding": {
            "amount": 0,
            "units": "pixels"
          },
          "content_alignment": "near",
          "content_cross_alignment": "center",
          "children": [
            {
              "class_name": "caption_bar",
              "corporate_name": "country video games",
              "title_name": "United States of America",
              "subtitle_name": "Descendants of Slaves Reparations System (DSRS)",
              "title_start": {
                "amount": 0.25,
                "units": "container"
              },
              "box": {
                "width": {
                  "amount": 1.0,
                  "units": "container"
                },
                "height": {
                  "amount": 100,
                  "units": "pixels"
                }
              }
            },

            {
              "class_name": "column",
              "box": {
                "width": {
                  "amount": 0.5,
                  "units": "container"
                },
                "height": {
                  "amount": 0.8,
                  "units": "container"
                }
              },
              "view_style": {
                "box_fill_brush": {
                  "class_name": "solid_brush",
                  "color": "211012AA"
                },
                "box_border_brush": {
                  "class_name": "solid_brush",
                  "color": "21101277"
                },
                "box_border_thickness": 8
              },
              "padding": {
                "amount": 10,
                "units": "pixels"
              },
              "content_alignment": "near",
              "content_cross_alignment": "near",
              "children": [
                {
                  "class_name": "chaptertitle",
                  "text": "Claims Fund",
                  "box": {
                    "width": {
                      "amount": 1,
                      "units": "container"
                    },
                    "height": {
                      "amount": 34,
                      "units": "pixels"
                    }
                  }
                },
                {
                  "class_name": "chaptersubtitle",
                  "text": "Manage the Reparations Funds",
                  "box": {
                    "width": {
                      "amount": 1,
                      "units": "container"
                    },
                    "height": {
                      "amount": 30,
                      "units": "pixels"
                    }
                  }
                },
                {
                  "class_name": "paragraph",
                  "text": "Claims fund managers ensure that adequate insurance reserves are available.  Financed directly by the Federal Reserve Bank, the Claims Fund managers ensure a transparent state of finances in the claims fund and provides a valuable resource for policy makers and scientists for guidance and study.",
                  "box": {
                    "width": {
                      "amount": 1,
                      "units": "container"
                    },
                    "height": {
                      "amount": 6.2,
                      "units": "text"
                    }
                  }
                },
                {
                  "class_name": "row",
                  "box": {
                    "width": {
                      "amount": 1,
                      "units": "container"
                    },
                    "height": {
                      "amount": 1,
                      "units": "container"
                    }
                  },
                  "wrap": true,
                  "children": [
                    {
                      "class_name": "corona_button",
                      "text": "Home",
                      "box": {
                        "width": {
                          "amount": 150,
                          "units": "pixels"
                        },
                        "height": {
                          "amount": 65,
                          "units": "pixels"
                        }
                      },
                      "margin": {
                        "amount": 20,
                        "units": "pixels"
                      },
                      "command": {
                        "class_name": "select_page_command",
                        "page_name": "home"
                      }
                    }

                  ]
                }
              ]
            }
          ]
        }
      ]
    }


  ]
}
