

{
  "Classes": [
    {
      "ClassName" : "Files",
      "ClassDescription": "Computer files, including images, links and office spreadsheets and word processing",
      "BaseClassName" : "SysObject",
      "Fields": {
        "DocumentName" : "string",
        "DocumentDescription" : "string",
        "DocumentSourcePath" : "string",
        "DocumentStoragePath" : "string"
      }
    },
    {
      "ClassName": "Facts",
      "ClassDescription": "Statements, supported by documents and other facts.",
      "BaseClassName": "SysObject",
      "Fields": {
        "Description": "string",
        "Files": "array",
        "Facts": "array"
      }
    },
    {
      "ClassName" : "Residences",
      "ClassDescription": "Where people live.",
      "BaseClassName" : "Facts",
      "Fields": {
          "Street" : "string",
          "City" : "string",
          "County" : "string",
          "State" : "string"
      }
    },
    {
      "ClassName" : "Roles",
      "ClassDescription": "A moment in a career.",
      "BaseClassName" : "Fact",
      "Fields": {
        "Title" : "string",
        "Powers" : "string"
      }
    },
    {
      "ClassName" : "Jobs",
      "ClassDescription": "Occupations, callings and vocations.",
      "BaseClassName" : "Roles",
      "Fields": {
      }
    },
    {
      "ClassName" : "Degrees",
      "ClassDescription": "Educational achievements.",
      "BaseClassName" : "Roles",
      "Fields": {
      }
    },
    {
      "ClassName" : "Institutions",
      "ClassDescription": "An organization whose lifetime exceeds that of its human members.",
      "BaseClassName" : "Facts",
      "Fields": {
        "FoundingYear" : "number",
        "EndingYear" : "number",
        "Institution" : "array"
      }
    },
    {
      "ClassName" : "Schools",
      "ClassDescription": "Educational institutions.",
      "BaseClassName" : "Institution",
      "Fields": {
      }
    },
    {
      "ClassName" : "Governments",
      "ClassDescription": "Government institutions.",
      "BaseClassName" : "Institution",
      "Fields": {
      }
    },
    {
      "ClassName" : "Biography",
      "BaseClassName" : "Fact",
      "Fields" : {
        "StartYear" : "number",
        "EndYear" : "number",
        "LifeRole" : "object",
        "Institution" : "object"
      }
    },
    {
      "ClassName" : "Relations",
      "BaseClassName" : "Facts"
    },
    {
      "ClassName": "Actors",
      "ClassDescription": "People with power who influenced events.",
      "BaseClassName": "Facts",
      "Fields": {
        "FirstName": "string",
        "LastName": "string",
        "Biography": "array",
        "Relations": "array"
      }
    },
    {
      "ClassName" : "Children",
      "ClassDescription": "Descendants of an actor",
      "BaseClassName" : "Relations",
      "Fields" : {
        "Actors" : "object"
      }
    },
    {
      "ClassName" : "Students",
      "ClassDescription": "Students of an actor",
      "BaseClassName" : "Relations",
      "Fields" : {
        "Actors" : "object"
      }
    },
    {
      "ClassName" : "Connections",
      "ClassDescription": "Casual connections between allies",
      "BaseClassName" : "Relations",
      "Fields" : {
        "Actors" : "object"
      }
    },
    {
      "ClassName": "Events",
      "ClassDescription": "A moment in history.",
      "BaseClassName": "Facts",
      "Fields": {
        "EventDate": "datetime",
        "Actors" : "array"
      }
    },
    {
      "ClassName": "Population",
      "ClassDescription": "People bound by the impact of an event.",
      "BaseClassName": "Facts",
      "Fields": {
        "Population" : "array",
        "Census" : "number",
        "Impact" : "string"
      }
    },
    {
      "ClassName": "Claims",
      "ClassDescription": "Damages to a population caused by an event",
      "BaseClassName": "Facts",
      "Fields": {
        "Event" : "object",
        "Population" : "array",
        "Damages" : "number"
      }
    },
    {
      "ClassName": "Lawyers",
      "ClassDescription": "A legal expert participating in this process.",
      "BaseClassName": "SysUser",
      "Fields": {
        "Jurisdiction": "array"
      }
    },
    {
      "ClassName": "PlaintiffAttorneys",
      "ClassDescription": "Lawyers who brings cases to the Reparations Court.",
      "BaseClassName": "Lawyers",
      "Fields": {
        
      }
    },
    {
      "ClassName": "DefenseAttorneys",
      "ClassDescription": "Lawyers who defends the US Government.",
      "BaseClassName": "Lawyers",
      "Fields": {
        
      }
    },
    {
      "ClassName": "Judges",
      "ClassDescription": "Lawyers who administer the proceedings of reparations cases.",
      "BaseClassName": "Lawyers",
      "Fields": {
        
      }
    },
    {
      "ClassName": "Cases",
      "ClassDescription": "A Case Before The Court",
      "BaseClassName": "SysObject",
      "Fields": {
        "Claims": "array",
        "Lawyers" : "array",
        "Proceedings" : "array"
      }
    },
    {
      "ClassName": "Proceedings",
      "ClassDescription": "Discussions before the court",
      "BaseClassName": "SysObject",
      "Fields": {
        "Cases": "object",
        "Lawyers" : "array",
        "StartTime" : "datetime",
        "Rulings" : "array"
      }
    },
    {
      "ClassName": "Filings",
      "ClassDescription": "Messages sent to the court",
      "BaseClassName": "SysObject",
      "Fields": {
        "Cases": "object",
        "Lawyers" : "array",
        "StartTime" : "datetime",
        "Rulings" : "array"
      }
    },
    {
      "ClassName": "Trials",
      "ClassDescription": "Decisive legal engagement in court.",
      "BaseClassName": "Proceedings",
      "Fields": {
        "Claims": "array",
        "Lawyer" : "array"
      }
    }
  ],
  "Users": [],
  "Objects": [
    {
      "ClassName": "SysTeam",
      "Name": "ReparationsTeam",
      "Description": "Reparations users",
      "Grants" : [],
      "Members" : []
    },
    {
      "ClassName": "Events",
      "EventDate": "11/1/1914",
      "Description": "The President orders segregation.",
      "Actors" :[],
      "Facts" : [],
      "Files" : []
    },
    {
      "ClassName": "Events",
      "EventDate": "2/18/1915",
      "Description": "The President endorses Birth of a Nation.",
      "Actors": [],
      "Facts": [],
      "Files": []
    },
    {
      "ClassName": "Events",
      "EventDate": "2/18/1915",
      "Description": "The President endorses Birth of a Nation.",
      "Actors": [],
      "Facts": [],
      "Files": []
    },
    {
      "ClassName": "Events",
      "EventDate": "2/18/1946",
      "Description": "GI Bill Policy Change.",
      "Actors": [],
      "Facts": [],
      "Files": []
    }

  ]
}
  