{
  "Classes": [
    {
      "ClassName": "Point",
      "BaseClassName": "SysObject",
      "Fields": {
        "X": "double",
        "Y": "double"
      }
    },
    {
      "ClassName": "ShapePoint",
      "BaseClassName": "Point"
    },
    {
      "ClassName": "SlideShape",
      "BaseClassName": "SysObject",
      "Fields": {
        "Name": "string",
        "Text": "string",

        "TextBrush": "string",
        "LineBrush": "string",
        "LineThickness": "string",
        "FillBrush": "string",

        "Points": {
          "FieldType": "array",
          "AllowedClasses": "Point"
        },

        "Left": "double",
        "LeftUnits": "string",
        "Top": "double",
        "TopUnits": "string",

        "Width": "double",
        "WidthUnits": "string",
        "Height": "double",
        "HeightUnits": "string",

        "ChildShapes": {
          "FieldType": "array",
          "AllowedClasses": [ "SlideShape" ]
        },

        "ChildrenLayout": "string"
      }
    },
    {
      "ClassName": "Slide",
      "BaseClassName": "SysObject",
      "Fields": {
        "Name": "string",
        "Description": "string",
        "Slides": {
          "FieldType": "array",
          "AllowedClasses": "SlideShape"
        }
      }
    },
    {
      "ClassName": "Presentation",
      "BaseClassName": "SysObject",
      "Fields": {
        "Name": "string",
        "Description": "string",
        "Slides": {
          "FieldType": "array",
          "AllowedClasses": "Slide"
        }
      }
    },
    {
      "ClassName": "CountyVote",
      "BaseClassName": "SysObject",
      "Fields": {
        "County": "string",
        "VoteText": "string"
      }
    },
    {
      "ClassName": "CountyElection",
      "BaseClassName": "SysObject",
      "Fields": {
        "Name": "string",
        "Description": "string",
        "ElectionPresentation": {
          "FieldType": "object",
          "AllowedClasses": "Presentation"
        },
        "Votes": {
          "FieldType": "array",
          "AllowedClasses": "CountyVote"
        }
      }
    },
    {
      "ClassName": "CountyDocument",
      "BaseClassName": "SysObject",
      "Fields": {
        "Name": "string",
        "Presentation": {
          "FieldType": "object",
          "AllowedClasses": "Presentation"
        }
      }
    },
    {
      "ClassName": "CountyTeam",
      "BaseClassName": "SysTeam",
      "Fields": {
        "Documents": {
          "FieldType": "array",
          "AllowedClasses": "CountyDocument"
        }
      }
    },
    {
      "ClassName": "CountyBusiness",
      "BaseClassName": "CountyTeam",
      "Fields": {
        "Street1": "string",
        "Street2": "string",
        "City": "string",
        "State": "string",
        "Zip": "string",
        "Website": "string",
        "Hours": "string",
        "Phone" :  "string"
      }
    },
    {
      "ClassName": "County",
      "BaseClassName": "SysObject",
      "Fields": {
        "Name": "string",
        "Description": "string",
        "State": "string",
        "Teams": {
          "FieldType": "array",
          "AllowedClasses": "SysTeam"
        },
        "Elections": {
          "FieldType": "array",
          "AllowedClasses": "SysTeam"
        },
        "Resources": {
          "FieldType": "array",
          "AllowedClasses": "Presentation"
        }
      }
    }
  ],
  "Users": [],
  "Objects": [
    {
      "ClassName": "SysTeam",
      "Name": "Guest",
      "Description": "Guest login for new users"
    },
    {
      "ClassName": "SysTeam",
      "Name": "CountryVideoGamesWriters",
      "Description": "Country Video Games Writers"
    }
  ]
}
  